Original Sequence,Length,Adenine,Cytosine,Guanine,Thymine,GC,Complimentary DNA Seq, mRNA, Amino Acid, AA Possibility 2 (if applicable), AA Possibility 3 (if applicable)
ATGGCCAGCCGGCTTGAGCGGAGGCTCGCACAAAGTGATCGAAGTCCGCGATCTGGTAAAAGTCT,65,'A': 16, 'C': 16, 'G': 21, 'T': 12,37%,TACCGGTCGGCCGAACTCGCCTCCGAGCGTGTTTCACTAGCTTCAGGCGCTAGACCATTTTCAGA,AUGGCCAGCCGGCUUGAGCGGAGGCUCGCACAAAGUGAUCGAAGUCCGCGAUCUGGUAAAAGUCU,['MASRLERRLAQSDRSPRSGKS_', 'WPAGLSGGSHKVNEVRDLVKV_']
GTGGTGGACTTGATTTTAATGTCACCACAAACAGAGACTAAAGCACGCGGTGGACTTGATTTTACA,66,'A': 20, 'C': 12, 'G': 16, 'T': 18,28%,CACCACCTGAACTAAAATTACAGTGGTGTTTGTCTCTGATTTCGTGCGCCACCTGAACTAAAATGT,GUGGUGGACUUGAUUUUAAUGUCACCACAAACAGAGACUAAAGCACGCGGUGGACUUGAUUUUACA,VVDLNLMSPQTETKARGGLDFT
TGTCGCGGTGGACTTGATTTTACTATGTCACCACAAACAGAGACTAAAGCACCGCGGTGGACTTGTTTTTTTGTAAAATCA,81,'A': 22, 'C': 16, 'G': 18, 'T': 25,34%,ACAGCGCCACCTGAACTAAAATGATACAGTGGTGTTTGTCTCTGATTTCGTGGCGCCACCTGAACAAAAAAACATTTTAGT,UGUCGCGGUGGACUUGAUUUUACUAUGUCACCACAAACAGAGACUAAAGCACCGCGGUGGACUUGUUUUUUUGUAAAAUCA,CRGGLDFTMSPQTETKAPRWTCFFVKS
TCTTGGCAGCCTTCCGAGTAACTCCTCAACCTGGAGTTCCGCCCGAGGAAGCAGGGGCCGCGGTAGCTGCT,71,'A': 12, 'C': 23, 'G': 22, 'T': 14,45%,AGAACCGTCGGAAGGCTCATTGAGGAGTTGGACCTCAAGGCGGGCTCCTTCGTCCCCGGCGCCATCGACGA,UCUUGGCAGCCUUCCGAGUAACUCCUCAACCUGGAGUUCCGCCCGAGGAAGCAGGGGCCGCGGUAGCUGCU,['LGSLPS_SSTWSSARGSRGRGSC_', 'LAAFRVTPQPGVPPEEAGAAVAA']
AGAAGCAGGTGCAGCGGTAGCTGCCGAATCTTCCACTGGGACATGGACAACTGTGTGGACCGATGGACTTACCAGTC,77,'A': 19, 'C': 19, 'G': 24, 'T': 15,43%,TCTTCGTCCACGTCGCCATCGACGGCTTAGAAGGTGACCCTGTACCTGTTGACACACCTGGCTACCTGAATGGTCAG,AGAAGCAGGUGCAGCGGUAGCUGCCGAAUCUUCCACUGGGACAUGGACAACUGUGUGGACCGAUGGACUUACCAGUC,['RSRCSGSCRNFHWDMD_CVDRWTYQ_', 'EAGAAVAAESSTGTWTTVWTDGLTS_']
TATCTTGGCAGCATTCCGAGTAACTCCCCAACCCGGAGTTCCGCCCGAGGAAGCAGGGGCAGCGGTAGCTG,71,'A': 15, 'C': 22, 'G': 22, 'T': 12,44%,ATAGAACCGTCGTAAGGCTCATTGAGGGGTTGGGCCTCAAGGCGGGCTCCTTCGTCCCCGTCGCCATCGAC,UAUCUUGGCAGCAUUCCGAGUAACUCCCCAACCCGGAGUUCCGCCCGAGGAAGCAGGGGCAGCGGUAGCUG,['YLGSNPS_SPTRSSARGSRGSGS_', 'NLAAFRVTPQPGVPPEEAGAAVA_']
CAATCGCCAGCACCATGCCGCGGTGGACTTGATTTTACAATGTCACCACAAACAGAGACTAAAGCTGTCGCGGTGGACTTGATTTTACA,89,'A': 25, 'C': 23, 'G': 20, 'T': 21,43%,GTTAGCGGTCGTGGTACGGCGCCACCTGAACTAAAATGTTACAGTGGTGTTTGTCTCTGATTTCGACAGCGCCACCTGAACTAAAATGT,CAAUCGCCAGCACCAUGCCGCGGUGGACUUGAUUUUACAAUGUCACCACAAACAGAGACUAAAGCUGUCGCGGUGGACUUGAUUUUACA,QSPAPCRGGLDFTMSPQTETKAVAVDLNL_
CTTACCGCGGTGGACTTGATTTTACTATGTCACCACAAACAGAGACTAAAGCTTCGCGGTGGACTTGATTTTACTGTAAAATCA,84,'A': 24, 'C': 18, 'G': 17, 'T': 25,35%,GAATGGCGCCACCTGAACTAAAATGATACAGTGGTGTTTGTCTCTGATTTCGAAGCGCCACCTGAACTAAAATGACATTTTAGT,CUUACCGCGGUGGACUUGAUUUUACUAUGUCACCACAAACAGAGACUAAAGCUUCGCGGUGGACUUGAUUUUACUGUAAAAUCA,LTAVDLNLLCHHKQRLKLRGGLDFTVKS
TCTTGGCAGCATTCCGAGTAACTCCCCAACCCGGAGTTCCGCCCGAGGAAGCAGGGGCAGCGGTAGCTGCG,71,'A': 14, 'C': 23, 'G': 23, 'T': 11,46%,AGAACCGTCGTAAGGCTCATTGAGGGGTTGGGCCTCAAGGCGGGCTCCTTCGTCCCCGTCGCCATCGACGC,UCUUGGCAGCAUUCCGAGUAACUCCCCAACCCGGAGUUCCGCCCGAGGAAGCAGGGGCAGCGGUAGCUGCG,['LGSNPS_SPTRSSARGSRGSGSC_', 'LAAFRVTPQPGVPPEEAGAAVAA']
CTCAAGGAGGACGGGGACGCGGTGGACTTGATTTTACATGTCACCACAAACAGAGACTA CATGTCACCACAAACAGAGACTAAAGC,87,'A': 30, 'C': 21, 'G': 21, 'T': 14,42%,GAGTTCCTCCTGCCCCTGCGCCACCTGAACTAAAATGTACAGTGGTGTTTGTCTCTGATGTACAGTGGTGTTTGTCTCTGATTTCG,CUCAAGGAGGACGGGGACGCGGUGGACUUGAUUUUACAUGUCACCACAAACAGAGACUA CAUGUCACCACAAACAGAGACUAAAGC,QGGRGRGGLDFTCHHKQRL_CHHKQRLK_
CAGGTCGACGTGCTGCGGGTCGGCATGGAGGATACGCCCTACGCGGTGGAGGTAAAATCA,60,'A': 13, 'C': 14, 'G': 23, 'T': 10,37%,GTCCAGCTGCACGACGCCCAGCCGTACCTCCTATGCGGGATGCGCCACCTCCATTTTAGT,CAGGUCGACGUGCUGCGGGUCGGCAUGGAGGAUACGCCCUACGCGGUGGAGGUAAAAUCA,['QVDVLRVGMEDTPYAVEVKS', 'GRRAAGRHGGYALRGGGKN_']
TATCACACATATGCAGCCCGAAGTCTTCAAGACTATACAGCATTCCAATCTAAAATCA,58,'A': 22, 'C': 16, 'G': 6, 'T': 14,22%,ATAGTGTGTATACGTCGGGCTTCAGAAGTTCTGATATGTCGTAAGGTTAGATTTTAGT,UAUCACACAUAUGCAGCCCGAAGUCUUCAAGACUAUACAGCAUUCCAAUCUAAAAUCA,['YHTYAARSLQDYTAFQSKN_', 'NTHMQPEVFKTIQHS_LKS']
AAACAAACCAAAACAAAACAAGTAAACATATACCCTCCACCCAAAAAAAAAACAA,55,'A': 35, 'C': 15, 'G': 1, 'T': 4,16%,TTTGTTTGGTTTTGTTTTGTTCATTTGTATATGGGAGGTGGGTTTTTTTTTTGTT,AAACAAACCAAAACAAAACAAGUAAACAUAUACCCUCCACCCAAAAAAAAAACAA,['KQTKTKQV_IYPPPKKKT_', 'T_Q_KTSKHIPSTQKK__']
TATCGCGGTGGACTTGATTTTACTGGATGTACTATTAAACCTAAATTGG,49,'A': 13, 'C': 7, 'G': 11, 'T': 18,18%,ATAGCGCCACCTGAACTAAAATGACCTACATGATAATTTGGATTTAACC,UAUCGCGGUGGACUUGAUUUUACUGGAUGUACUAUUAAACCUAAAUUGG,['YRGGLDFTGCTNKPKL_', 'NAVDLNLLDVLL_L_W']
CGATTTGGCGCATTTACTGTGAAGTCCGCGACCCATAACGTCGTAGGACAGCAGAGGCATCTAATTCGGAAAGGCA,76,'A': 21, 'C': 18, 'G': 21, 'T': 16,39%,GCTAAACCGCGTAAATGACACTTCAGGCGCTGGGTATTGCAGCATCCTGTCGTCTCCGTAGATTAAGCCTTTCCGT,CGAUUUGGCGCAUUUACUGUGAAGUCCGCGACCCAUAACGUCGUAGGACAGCAGAGGCAUCUAAUUCGGAAAGGCA,RFGAFTVKSATH_VVGQQRHLNRKG_
CCCCCCCCCCCCCCCCCC,18,'A': 0, 'C': 18, 'G': 0, 'T': 0,18%,GGGGGGGGGGGGGGGGGG,CCCCCCCCCCCCCCCCCC,['PPPPPP', 'PPPPP_', 'PPPPP_']
