ATGGCCAGCCGGCTTGAGCGGAGGCTCGCACAAAGTGATCGAAGTCCGCGATCTGGTAAAAGTCT,plh 15
GTGGTGGACTTGATTTTAATGTCACCACAAACAGAGACTAAAGCACGCGGTGGACTTGATTTTACAA,plh 1
TGTCGCGGTGGACTTGATTTTACTATGTCACCACAAACAGAGACTAAAGCACCGCGGTGGACTTGTTTTTTTGTAAAATCAA,plh 1
TCTTGGCAGCCTTCCGAGTAACTCCTCAACCTGGAGTTCCGCCCGAGGAAGCAGGGGCCGCGGTAGCTGCTG,plh 3
AGAAGCAGGTGCAGCGGTAGCTGCCGAATCTTCCACTGGGACATGGACAACTGTGTGGACCGATGGACTTACCAGTCT,plh 5
TATCTTGGCAGCATTCCGAGTAACTCCCCAACCCGGAGTTCCGCCCGAGGAAGCAGGGGCAGCGGTAGCTGC,plh 5
CAATCGCCAGCACCATGCCGCGGTGGACTTGATTTTACAATGTCACCACAAACAGAGACTAAAGCTGTCGCGGTGGACTTGATTTTACAG,plh 5
CTTACCGCGGTGGACTTGATTTTACTATGTCACCACAAACAGAGACTAAAGCTTCGCGGTGGACTTGATTTTACTGTAAAATCAA,plh 6
TCTTGGCAGCATTCCGAGTAACTCCCCAACCCGGAGTTCCGCCCGAGGAAGCAGGGGCAGCGGTAGCTGCGG,plh 7
CTCAAGGAGGACGGGGACGCGGTGGACTTGATTTTACATGTCACCACAAACAGAGACTA AAG CATGTCACCACAAACAGAGACTAAAGCC,plh 7
